<?xml version="1.0"?>
<MD_Metadata xmlns="http://www.isotc211.org/2005/gmd" xmlns:gco="http://www.isotc211.org/2005/gco" xmlns:gts="http://www.isotc211.org/2005/gts" xmlns:srv="http://www.isotc211.org/2005/srv" xmlns:gml="http://www.opengis.net/gml" xmlns:xlink="http://www.w3.org/1999/xlink" xmlns:xsi="http://www.w3.org/2001/XMLSchema-instance">
  <fileIdentifier>
    <gco:CharacterString>A9AA54F6-60DC-44DA-852A-4F14DEEFFDC6</gco:CharacterString>
  </fileIdentifier>
  <language>
    <LanguageCode codeList="http://www.loc.gov/standards/iso639-2/php/code_list.php" codeListValue="por" codeSpace="ISO639-2">por</LanguageCode>
  </language>
  <characterSet>
    <MD_CharacterSetCode codeList="http://www.isotc211.org/2005/resources/Codelist/gmxCodelists.xml#MD_CharacterSetCode" codeListValue="8859part1" codeSpace="ISOTC211/19115">8859part1</MD_CharacterSetCode>
  </characterSet>
  <hierarchyLevel>
    <MD_ScopeCode codeList="http://www.isotc211.org/2005/resources/Codelist/gmxCodelists.xml#MD_ScopeCode" codeListValue="dataset" codeSpace="ISOTC211/19115">dataset</MD_ScopeCode>
  </hierarchyLevel>
  <hierarchyLevelName>
    <gco:CharacterString>dataset</gco:CharacterString>
  </hierarchyLevelName>
  <contact>
    <CI_ResponsibleParty>
      <individualName>
        <gco:CharacterString>Departamento de Tecnologias e Sistemas de Informação</gco:CharacterString>
      </individualName>
      <organisationName>
        <gco:CharacterString>Agência Portuguesa do Ambiente, I.P.</gco:CharacterString>
      </organisationName>
      <contactInfo>
        <CI_Contact>
          <phone>
            <CI_Telephone>
              <voice>
                <gco:CharacterString>(351) 21 472 82 00</gco:CharacterString>
              </voice>
              <facsimile>
                <gco:CharacterString>(351) 21 471 90 74</gco:CharacterString>
              </facsimile>
            </CI_Telephone>
          </phone>
          <address>
            <CI_Address>
              <deliveryPoint>
                <gco:CharacterString>Rua da Murgueira, 9/9A - Zambujal Ap. 7585</gco:CharacterString>
              </deliveryPoint>
              <city>
                <gco:CharacterString>Amadora</gco:CharacterString>
              </city>
              <postalCode>
                <gco:CharacterString>2611-865</gco:CharacterString>
              </postalCode>
              <country>
                <Country codeList="http://www.iso.org/iso/country_codes/iso_3166_code_lists.htm" codeListValue="PT" codeSpace="ISO3166-1">PT</Country>
              </country>
              <electronicMailAddress>
                <gco:CharacterString>sniamb@apambiente.pt</gco:CharacterString>
              </electronicMailAddress>
            </CI_Address>
          </address>
        </CI_Contact>
      </contactInfo>
      <role>
        <CI_RoleCode codeList="http://www.isotc211.org/2005/resources/Codelist/gmxCodelists.xml#CI_RoleCode" codeListValue="pointOfContact" codeSpace="ISOTC211/19115">pointOfContact</CI_RoleCode>
      </role>
    </CI_ResponsibleParty>
  </contact>
  <dateStamp>
    <gco:Date>2015-03-23</gco:Date>
  </dateStamp>
  <metadataStandardName>
    <gco:CharacterString>INSPIRE Metadata Implementing Rules: Technical Guidelines based on EN ISO 19115 and EN ISO 19119</gco:CharacterString>
  </metadataStandardName>
  <metadataStandardVersion>
    <gco:CharacterString>V. 1.2</gco:CharacterString>
  </metadataStandardVersion>
  <spatialRepresentationInfo>
    <MD_VectorSpatialRepresentation>
      <topologyLevel>
        <MD_TopologyLevelCode codeList="http://www.isotc211.org/2005/resources/Codelist/gmxCodelists.xml#MD_TopologyLevelCode" codeListValue="geometryOnly" codeSpace="ISOTC211/19115">geometryOnly</MD_TopologyLevelCode>
      </topologyLevel>
      <geometricObjects>
        <MD_GeometricObjects>
          <geometricObjectType>
            <MD_GeometricObjectTypeCode codeList="http://www.isotc211.org/2005/resources/Codelist/gmxCodelists.xml#MD_GeometricObjectTypeCode" codeListValue="composite" codeSpace="ISOTC211/19115">composite</MD_GeometricObjectTypeCode>
          </geometricObjectType>
          <geometricObjectCount>
            <gco:Integer>120</gco:Integer>
          </geometricObjectCount>
        </MD_GeometricObjects>
      </geometricObjects>
    </MD_VectorSpatialRepresentation>
  </spatialRepresentationInfo>
  <referenceSystemInfo>
    <MD_ReferenceSystem>
      <referenceSystemIdentifier>
        <RS_Identifier>
          <code>
            <gco:CharacterString>102164</gco:CharacterString>
          </code>
          <codeSpace>
            <gco:CharacterString>ESRI</gco:CharacterString>
          </codeSpace>
          <version>
            <gco:CharacterString>10.5.1</gco:CharacterString>
          </version>
        </RS_Identifier>
      </referenceSystemIdentifier>
    </MD_ReferenceSystem>
  </referenceSystemInfo>
  <identificationInfo>
    <MD_DataIdentification>
      <citation>
        <CI_Citation>
          <title>
            <gco:CharacterString>Atlas do Ambiente - Áreas de conservação da natureza - Biótopos</gco:CharacterString>
          </title>
          <date>
            <CI_Date>
              <date>
                <gco:Date>1982-01-01</gco:Date>
              </date>
              <dateType>
                <CI_DateTypeCode codeList="http://www.isotc211.org/2005/resources/Codelist/gmxCodelists.xml#CI_DateTypeCode" codeListValue="creation" codeSpace="ISOTC211/19115">creation</CI_DateTypeCode>
              </dateType>
            </CI_Date>
          </date>
          <date>
            <CI_Date>
              <date>
                <gco:Date>1982-01-01</gco:Date>
              </date>
              <dateType>
                <CI_DateTypeCode codeList="http://www.isotc211.org/2005/resources/Codelist/gmxCodelists.xml#CI_DateTypeCode" codeListValue="publication" codeSpace="ISOTC211/19115">publication</CI_DateTypeCode>
              </dateType>
            </CI_Date>
          </date>
          <identifier>
            <MD_Identifier>
              <code>
                <gco:CharacterString>geoapablue.geoapabluedata.AtAmb_5001121_AConservNat_Biotopos_Cont</gco:CharacterString>
              </code>
            </MD_Identifier>
          </identifier>
          <presentationForm>
            <CI_PresentationFormCode codeList="http://www.isotc211.org/2005/resources/Codelist/gmxCodelists.xml#CI_PresentationFormCode" codeListValue="mapDigital" codeSpace="ISOTC211/19115">mapDigital</CI_PresentationFormCode>
          </presentationForm>
        </CI_Citation>
      </citation>
      <abstract>
        <gco:CharacterString>Biótopos CORINE</gco:CharacterString>
      </abstract>
      <purpose>
        <gco:CharacterString>Informação em formato vectorial, extraída da Carta V.1 do Atlas do Ambiente (ambiente protegido)</gco:CharacterString>
      </purpose>
      <credit>
        <gco:CharacterString>Native Data Set</gco:CharacterString>
      </credit>
      <pointOfContact>
        <CI_ResponsibleParty>
          <individualName>
            <gco:CharacterString>Departamento de Tecnologias e Sistemas de Informação</gco:CharacterString>
          </individualName>
          <organisationName>
            <gco:CharacterString>Agência Portuguesa do Ambiente, I.P.</gco:CharacterString>
          </organisationName>
          <contactInfo>
            <CI_Contact>
              <phone>
                <CI_Telephone>
                  <voice>
                    <gco:CharacterString>(351) 21 472 82 00</gco:CharacterString>
                  </voice>
                  <facsimile>
                    <gco:CharacterString>(351) 21 471 90 74</gco:CharacterString>
                  </facsimile>
                </CI_Telephone>
              </phone>
              <address>
                <CI_Address>
                  <deliveryPoint>
                    <gco:CharacterString>Rua da Murgueira, 9/9A - Zambujal Ap. 7585</gco:CharacterString>
                  </deliveryPoint>
                  <city>
                    <gco:CharacterString>Amadora</gco:CharacterString>
                  </city>
                  <postalCode>
                    <gco:CharacterString>2611-865</gco:CharacterString>
                  </postalCode>
                  <country>
                    <Country codeList="http://www.iso.org/iso/country_codes/iso_3166_code_lists.htm" codeListValue="PT" codeSpace="ISO3166-1">PT</Country>
                  </country>
                  <electronicMailAddress>
                    <gco:CharacterString>sniamb@apambiente.pt</gco:CharacterString>
                  </electronicMailAddress>
                </CI_Address>
              </address>
            </CI_Contact>
          </contactInfo>
          <role>
            <CI_RoleCode codeList="http://www.isotc211.org/2005/resources/Codelist/gmxCodelists.xml#CI_RoleCode" codeListValue="pointOfContact" codeSpace="ISOTC211/19115">pointOfContact</CI_RoleCode>
          </role>
        </CI_ResponsibleParty>
      </pointOfContact>
      <descriptiveKeywords>
        <MD_Keywords>
          <keyword>
            <gco:CharacterString>Downloadable Data</gco:CharacterString>
          </keyword>
          <thesaurusName uuidref="723f6998-058e-11dc-8314-0800200c9a66" />
        </MD_Keywords>
      </descriptiveKeywords>
      <descriptiveKeywords>
        <MD_Keywords>
          <keyword>
            <gco:CharacterString>Biótopos CORINE</gco:CharacterString>
          </keyword>
          <keyword>
            <gco:CharacterString>Ambiente protegido</gco:CharacterString>
          </keyword>
          <keyword>
            <gco:CharacterString>Áreas de conservação da natureza</gco:CharacterString>
          </keyword>
        </MD_Keywords>
      </descriptiveKeywords>
      <resourceConstraints>
        <MD_Constraints>
          <useLimitation>
            <gco:CharacterString>Sem restriçõespara além da indicação da fonte.</gco:CharacterString>
          </useLimitation>
        </MD_Constraints>
      </resourceConstraints>
      <resourceConstraints>
        <MD_LegalConstraints>
          <accessConstraints>
            <MD_RestrictionCode codeList="http://www.isotc211.org/2005/resources/Codelist/gmxCodelists.xml#MD_RestrictionCode" codeListValue="copyright" codeSpace="ISOTC211/19115">copyright</MD_RestrictionCode>
          </accessConstraints>
          <useConstraints>
            <MD_RestrictionCode codeList="http://www.isotc211.org/2005/resources/Codelist/gmxCodelists.xml#MD_RestrictionCode" codeListValue="copyright" codeSpace="ISOTC211/19115">copyright</MD_RestrictionCode>
          </useConstraints>
        </MD_LegalConstraints>
      </resourceConstraints>
      <spatialRepresentationType>
        <MD_SpatialRepresentationTypeCode codeList="http://www.isotc211.org/2005/resources/Codelist/gmxCodelists.xml#MD_SpatialRepresentationTypeCode" codeListValue="vector" codeSpace="ISOTC211/19115">vector</MD_SpatialRepresentationTypeCode>
      </spatialRepresentationType>
      <language>
        <LanguageCode codeList="http://www.loc.gov/standards/iso639-2/php/code_list.php" codeListValue="por" codeSpace="ISO639-2">por</LanguageCode>
      </language>
      <characterSet>
        <MD_CharacterSetCode codeList="http://www.isotc211.org/2005/resources/Codelist/gmxCodelists.xml#MD_CharacterSetCode" codeListValue="utf8" codeSpace="ISOTC211/19115">utf8</MD_CharacterSetCode>
      </characterSet>
      <topicCategory>
        <MD_TopicCategoryCode>environment</MD_TopicCategoryCode>
      </topicCategory>
      <environmentDescription>
        <gco:CharacterString>Microsoft Windows 7 Version 6.1 (Build 7601) Service Pack 1; Esri ArcGIS 10.2.1.3497</gco:CharacterString>
      </environmentDescription>
      <extent>
        <EX_Extent>
          <geographicElement>
            <EX_GeographicBoundingBox>
              <extentTypeCode>
                <gco:Boolean>true</gco:Boolean>
              </extentTypeCode>
              <westBoundLongitude>
                <gco:Decimal>-9.623759</gco:Decimal>
              </westBoundLongitude>
              <eastBoundLongitude>
                <gco:Decimal>-6.173218</gco:Decimal>
              </eastBoundLongitude>
              <southBoundLatitude>
                <gco:Decimal>36.952293</gco:Decimal>
              </southBoundLatitude>
              <northBoundLatitude>
                <gco:Decimal>42.084177</gco:Decimal>
              </northBoundLatitude>
            </EX_GeographicBoundingBox>
          </geographicElement>
        </EX_Extent>
      </extent>
    </MD_DataIdentification>
  </identificationInfo>
  <distributionInfo>
    <MD_Distribution>
      <distributionFormat>
        <MD_Format>
          <name>
            <gco:CharacterString>SDE Feature Class</gco:CharacterString>
          </name>
          <version>
            <gco:CharacterString>3.x</gco:CharacterString>
          </version>
        </MD_Format>
      </distributionFormat>
      <transferOptions>
        <MD_DigitalTransferOptions>
          <onLine>
            <CI_OnlineResource>
              <linkage>
                <URL>https://sniambgeoviewer.apambiente.pt/GeoDocs/shpzips/AtAmb_5001121_AConservNat_Biotopos_Cont.zip</URL>
              </linkage>
              <function>
                <CI_OnLineFunctionCode codeList="http://www.isotc211.org/2005/resources/Codelist/gmxCodelists.xml#CI_OnLineFunctionCode" codeListValue="information" codeSpace="ISOTC211/19115">information</CI_OnLineFunctionCode>
              </function>
            </CI_OnlineResource>
          </onLine>
        </MD_DigitalTransferOptions>
      </transferOptions>
    </MD_Distribution>
  </distributionInfo>
  <dataQualityInfo>
    <DQ_DataQuality>
      <scope>
        <DQ_Scope>
          <level>
            <MD_ScopeCode codeList="http://www.isotc211.org/2005/resources/Codelist/gmxCodelists.xml#MD_ScopeCode" codeListValue="dataset" codeSpace="ISOTC211/19115">dataset</MD_ScopeCode>
          </level>
        </DQ_Scope>
      </scope>
      <report>
        <DQ_DomainConsistency>
          <result>
            <DQ_ConformanceResult>
              <specification>
                <CI_Citation>
                  <title>
                    <gco:CharacterString>Generalização</gco:CharacterString>
                  </title>
                  <date>
                    <CI_Date>
                      <date>
                        <gco:Date>2014-12-03</gco:Date>
                      </date>
                      <dateType>
                        <CI_DateTypeCode codeList="http://www.isotc211.org/2005/resources/Codelist/gmxCodelists.xml#CI_DateTypeCode" codeListValue="creation" codeSpace="ISOTC211/19115">creation</CI_DateTypeCode>
                      </dateType>
                    </CI_Date>
                  </date>
                </CI_Citation>
              </specification>
              <explanation>
                <gco:CharacterString>Generalização</gco:CharacterString>
              </explanation>
              <pass>
                <gco:Boolean>true</gco:Boolean>
              </pass>
            </DQ_ConformanceResult>
          </result>
        </DQ_DomainConsistency>
      </report>
      <lineage>
        <LI_Lineage>
          <statement>
            <gco:CharacterString>Generalização dos limtes com tolerância de 1000</gco:CharacterString>
          </statement>
        </LI_Lineage>
      </lineage>
    </DQ_DataQuality>
  </dataQualityInfo>
</MD_Metadata>